{
"name":"икосаэдр",
"vertexs": [
    [0, 0, 3],
    [0, -2.6832815729997477, 1.341640786499874],
    [2.55195242505612, -0.8291796067500632, 1.3416407864998743],
    [1.5771933363574009, 2.1708203932499366, 1.3416407864998738],
    [-1.5771933363574004, 2.1708203932499375, 1.3416407864998743],
    [-2.55195242505612, -0.8291796067500622, 1.341640786499874],
    [0, 0, -3],
    [0, 2.6832815729997477, -1.341640786499874],
    [-2.55195242505612, 0.8291796067500632, -1.3416407864998743],
    [-1.5771933363574009, -2.1708203932499366, -1.3416407864998738],
    [1.5771933363574004, -2.1708203932499375, -1.3416407864998743],
    [2.55195242505612, 0.8291796067500622, -1.341640786499874]
],
"faces": [
[0, 2, 1],
[0, 3, 2],
[0, 4, 3],
[0, 5, 4],
[0, 1, 5],
[6, 7, 8],
[6, 8, 9],
[6, 9, 10],
[6, 10, 11],
[6, 11, 7],
[1, 2, 10],
[2, 3, 11],
[3, 4, 7],
[4, 5, 8],
[5, 1, 9],
[7, 11, 3],
[8, 7, 4],
[9, 8, 5],
[10, 9, 1],
[11, 10, 2]
]
}